topico,titulo,keywords,topico_n1,
0,Aprobación de versiones taquigráficas y observaciones sobre las sesiones celebradas en la cámara.,"abierta, taquigráficas, Queda, versiones, presencia, observan, izar, correspondientes, celebradas, mástil",1,
1,"Debate sobre la producción, concesión y posible monopolio en la fabricación de penicilina.","penicilina, preferencial, escandaloso, negociado, trato, planta, fábrica, casa, Dellepiane, antibióticos",10,
2,"Correcciones, observaciones y aclaraciones sobre las versiones taquigráficas de las actas de sesiones.","taquigráficas, versiones, taquigráfica, versión, celebradas, observaciones, Quedará, celebrada, sesiones, aprobadas",1,
3,Iniciativas para la producción y obtención de caucho sintético y vegetal mediante plantaciones.,"caucho, sintético, alcohol, vegetal, plantaciones, toneladas, especies, cultivos, plantas, cultivo",11,
4,Invitación a los concurrentes y galerías a ponerse de pie en homenaje a la memoria.,"Invito, galerías, ponerse, concurrentes, pie, memoria, concurrente, ex, homenaje, señoras",1,
5,Homenaje a caídos y víctimas con invitación a las galerías para ponerse de pie.,"galerías, Invito, ponerse, señoras, pie, concurrentes, concurrente, asistente, delegados, homenaje",1,
6,"Proyectos y provisión de servicios por Obras Sanitarias, incluyendo agua potable y desagües cloacales.","Sanitarias, Obras, agua, potable, cloacales, desagües, provisión, Administración, municipios, obras",18,
7,"Discusión sobre el enrolamiento, empadronamiento y emancipación política mediante el voto femenino.","mujer, femenino, mujeres, padrón, sufragio, voto, 010, femenina, padrones, cívicos",20,
8,"Mejoras en la atención sanitaria, asistencia médica y servicios en centros de salud y hospitales.","hospitales, salud, enfermos, medicina, médicos, hospital, Salud, camas, médico, enfermo",10,
9,"Medidas sanitarias, vacunación y prevención contra focos de epidemias como fiebre amarilla y paludismo.","amarilla, fiebre, peste, epidemia, paludismo, prostitución, enfermedad, profilaxis, 331, ratas",10,
10,Designación de jurados y asesores para los premios artísticos otorgados por la Dirección de Cultura.,"Cultura, Teatro, teatro, premios, Palacio, asesora, jurado, pieza, jurados, premio",21,
11,"Mejoras salariales y condiciones de trabajo para el personal docente, maestros y preceptores de escuelas.","maestros, docente, magisterio, docentes, maestro, Instrucción, docencia, establecimientos, colegios, sueldo",22,
12,Estrategias y campañas agrícolas en zonas afectadas para combatir y extinguir la plaga de langostas.,"langosta, plaga, invasión, combatir, mangas, Agricultura, lucha, extinción, combatirla, flagelo",11,
13,"Fomento de la educación técnica, capacitación obrera y cursos vocacionales en escuelas y universidades.","universidad, aprendizaje, técnica, cursos, capacitación, Aprendizaje, obrera, enseñanza, ciclo, escuelas",22,
14,"Cuestiones institucionales sobre las escuelas normales, sus alumnos, egresados y programas de enseñanza pública.","Normal, Escuela, escuela, Popular, alumnos, escuelas, edificio, Giles, Instrucción, Colegio",22,
15,"Regulación y licencias para emisoras de radiodifusión, programas radiales y servicios de telecomunicaciones.","radiodifusión, Radio, estaciones, emisoras, transmisiones, radiotelefonía, radio, Radiodifusión, radios, licencias",23,
16,"Debate sobre la labor de la prensa, los gremios periodísticos, la censura y editoriales.","Prensa, periodistas, prensa, periodista, diarios, periodismo, diario, Gaceta, periódicos, Periodistas",23,
17,"Organización del claustro universitario, incluyendo cátedras, cargos de profesores, decanos y el rectorado.","profesores, profesor, rector, adjuntos, titular, decano, cátedra, cátedras, time, docente",22,
18,Debate sobre el espíritu de la reforma universitaria de 1918 y la participación estudiantil.,"universidad, universitaria, universidades, profesores, estudiantes, universitario, Universidad, estudiantil, universitarios, Facultad",22,
19,"Legislación sobre la protección, conservación y prohibición de la caza y pesca de fauna silvestre.","caza, fauna, especies, pesca, silvestre, pesquera, animales, Pesca, pescado, biológico",11,
20,"Análisis de los estatutos, fondos y patrimonio vinculados a las fundaciones de beneficencia y ayuda.","Fundación, Ayuda, fundación, Duarte, Beneficencia, beneficencia, hipódromos, María, Jockey, Eva",25,
21,"Fomento de instituciones y clubes deportivos, sus instalaciones y actividades de esparcimiento para asociados.","Club, club, deporte, clubes, deportivas, deportes, Hípico, canchas, Palermo, deportiva",25,
22,Reconocimiento a deportistas y equipos por su participación en certámenes y campeonatos de fútbol.,"deporte, campeonato, campeonatos, deportistas, fútbol, niños, deportiva, infantiles, deportivas, deportes",25,
23,Levantamiento y publicación de cifras oficiales mediante el servicio técnico de estadística y censos.,"censo, censos, Estadístico, Estadística, estadística, estadísticas, datos, Servicio, Censos, estadísticos",20,
24,"Reglamentación sobre el quórum, ausencias y votaciones según lo preceptuado en el artículo 147.","lista, 147, quorum, ausentarse, preceptuado, hiciere, consignada, retiren, ausentes, reglamento",1,
25,Acusaciones de falsedad e injurias en debates parlamentarios y reclamos de rectificación caballeresca.,"Serrot, López, preposición, Rothe, temeraria, sancionara, falsedad, tratadista, puntualizada, manoseo",2,
26,"Declaración formal de clausura de sesión, aprobación definitiva y sanción de las mociones presentadas.","Queda, sancionado, levantada, 132, Habiéndose, dará, 1, Secretaría, lectura, Tiene",1,
27,Aceptación y otorgamiento de condecoraciones y distinciones de honor por parte de gobiernos internacionales.,"condecoraciones, condecoración, Orden, Malta, honores, Franco, España, 346, permiso, distinciones",19,
28,"Regulación jurídica sobre derechos sucesorios, herederos, cónyuges, indivisión de bienes y presunción de fallecimiento.","herederos, indivisión, cónyuge, presunción, ausencia, familia, matrimonio, fallecimiento, ausente, hereditaria",25,
29,"Disposiciones jurídicas y penales relacionadas con el matrimonio, filiación, adopción y protección de menores.","adopción, matrimonio, hijo, hijos, menores, familia, padres, adoptado, padre, adulterinos",25,
30,"Políticas de protección, educación y asistencia para menores orientadas a prevenir la delincuencia infantil.","niño, Niño, menores, niños, infancia, Menores, niñez, padres, delincuencia, delincuentes",25,
31,"Debate parlamentario con el legislador Frondizi sobre aclaraciones, interrupciones y su negativa a contestar.","Frondizi, contestarlas, liberaciones, veraz, dipútado, alimentadas, sonreído, Conde, dispuse, compartimientos",2,
32,"Legislación orientada a la protección de bosques, campañas de reforestación, instalación de viveros y plantaciones.","bosques, forestal, forestales, Bosques, reforestación, bosque, forestación, Forestal, quebracho, 273",11,
33,"Normativas de explotación y concesión para la extracción de minerales, uranio y recursos del subsuelo.","minerales, minas, substancias, Minería, mina, imprescriptible, minera, 40, inalienable, minero",11,
34,Prestación de asistencia médica y beneficios mutuales y gremiales para los trabajadores ferroviarios.,"ferroviarios, Ferroviarios, ferroviario, Fraternidad, Ferroviaria, Asistencia, 075, gremio, asistencia, consultorios",24,
35,"Situación laboral, sueldos, escalafones y cesantías de los empleados en la administración de los Ferrocarriles.","Ferrocarriles, Ferroviaria, cesantías, cesantes, ferroviarios, escalafón, Laguna, ferroviario, Fraternidad, escalafones",24,
36,"Defensa de la libertad sindical, derechos de trabajadores y organización de los gremios y asociaciones.","sindical, asociaciones, sindicatos, gremial, asociación, trabajadores, trabajadora, organizaciones, Trabajo, sindicato",24,
37,"Mejoras y aumentos en los sueldos, suplementos y pagas para conscriptos y suboficiales militares.","sueldos, militares, suboficial, sueldo, subteniente, conscripto, suplemento, sobresueldo, suboficiales, gratis",17,
38,"Cuestiones legales y financieras sobre hipotecas, saldos, acreedores, deudores y embargos sobre bienes inmuebles.","deudor, Hipotecario, hipotecario, hipoteca, hipotecas, saldos, personales, hipotecado, deudores, acreedor",26,
39,Análisis en comisiones de legislación y trabajo sobre decretos de aguinaldo para empleados y jornaleros.,"302, 33, doméstico, 116, ferroviarios, decreto, Legislación, complementario, Trabajo, domésticos",24,
40,"Sanciones penales, condenas y cesantías por dolo o faltas del empleador y el empleado.","condena, empleador, patrono, condicional, empleado, delitos, cesantía, dolo, despido, condenas",24,
41,Cuestiones gremiales y de asistencia social vinculadas a sueldos y escala de los empleados bancarios.,"bancarios, bancario, Bancaria, bancaria, Bancarios, gremio, Asociación, bancos, 575, empleados",24,
42,"Manejo del conflicto laboral, paritarias y huelga de trabajadores en los establecimientos frigoríficos y mataderos.","frigoríficas, carne, frigoríficos, conflicto, Carne, trabajadores, horaria, estatuto, obreros, empresas",24,
43,"Regulación laboral, indemnización por accidentes, jornada nocturna y descansos para trabajadores, incluidos los domésticos.","accidentes, 688, doméstico, indemnización, empleador, 729, casas, descanso, salario, renta",24,
44,Otorgamiento de pensiones vitalicias y graciables a viudas y deudos de magistrados y legisladores.,"pensión, pensiones, deudos, viuda, Poderes, Peticiones, 337, Reglamento, ex, graciables",12,
45,"Reconocimiento de dietas, mandatos y pensiones a deudos y viudas de los senadores fallecidos.","dietas, viuda, correspondido, pensión, deudos, ex, lanspolsky, Peticiones, Poderes, acuerda",12,
46,"Ajustes de sueldos, jornales y remuneraciones para empleados y capataces de la Imprenta oficial.","sueldo, salario, Remuneraciones, mínimo, escalafón, complementario, empleados, capataces, sueldos, servidores",24,
47,"Debate sobre el financiamiento, aportes y regímenes de jubilaciones en las cajas de previsión social.","jubilaciones, cajas, jubilados, jubilación, caja, previsión, jubilatorio, prestaciones, afiliados, 349",24,
48,Debate parlamentario y consideraciones sobre una moción controvertida promovida por los legisladores Visca y Decker.,"Visca, contadores, encontrarme, Decker, moción, garrafales, Conservador, Pediría, retire, pase",2,
49,Iniciativas en el Parlamento para la derogación de normativas de residencia y expulsión de extranjeros.,"144, derogación, residencia, derogar, 4, expulsión, griegos, 029, derogada, Martínez",20,
50,"Gestión de constancias, registros y libretas de enrolamiento para la identificación civil de las personas.","identificación, identidad, registro, Registro, libreta, constancias, Personas, nacimiento, matrícula, inscripción",20,
51,"Consideraciones sobre la constitucionalidad en la otorgación de ciudadanía, naturalización, residencia y expulsión de extranjeros.","naturalización, ciudadanía, nacionalidad, extranjeros, extranjero, extrañamiento, expulsión, residencia, nativos, nacidos",20,
52,Presentación y votación de mociones para el cierre del debate y la reconsideración de temas.,"cierre, formulada, cerrar, moción, formula, reconsideración, presentada, nominalmente, Fe, cerrado",1,
53,"Propuestas para declarar el debate suficientemente discutido, clausurar el tratamiento y proceder a la votación.","cierre, cerrar, moción, formulada, vote, debatido, anotados, oradores, Hago, formulo",1,
54,"Fórmula y ceremonia de juramento constitucional, incluyendo invocaciones, aspectos reglamentarios y posibles pedidos de licencia.","juramento, ausentarse, licencia, fórmula, reglamento, fórmulas, 83, jurar, receso, constitucional",1,
55,Ceremonia para concretar el homenaje y tributar reconocimiento a la memoria en un nuevo aniversario.,"concretado, tributado, queda, homenaje, Representantes, pronunciadas, asentimiento, comunicará, enviará, tributados",3,
56,"Discusión sobre federalismo fiscal, recaudación, impuestos y coparticipación de tributos a las provincias y municipios.","provincias, impuestos, participación, impuesto, unificación, internos, 139, réditos, municipalidades, provinciales",16,
57,Aprobación de la inserción y publicación de documentos y discursos en el Diario de Sesiones.,"inserción, Sesiones, Diario, solicitada, incorpora, inserciones, asentimiento, inserte, solicitadas, inserta",1,
58,Estructuración del cuerpo de abogados y asesores legales en diferentes direcciones y reparticiones estatales.,"Cuerpo, Abogados, concurso, abogados, procurador, abogado, delegaciones, Tesoro, dirección, aspirante",27,
59,Designación de la delegación y asesores para participar en la conferencia en Río de Janeiro.,"Janeiro, Río, Vivar, delegación, asesores, autorización, Díaz, licencia, Conferencia, designaciones",19,
60,"Régimen de sanciones, multas pecuniarias, arrestos disciplinarios y recursos de apelación ante el juez.","multas, multa, apelación, arresto, sanciones, apelable, aplicadas, disciplinario, aplique, recurso",28,
61,"Procedimiento aplicable al recurso contencioso-administrativo, jurisdicción judicial y trámite de apelación ante tribunales.","recurso, contenciosoadministrativo, contenciosoadministrativa, administrativo, administrativa, jerárquico, administrativos, contencioso, interponerse, actos",28,
62,"Requisitos y ejercicio de la profesión para escribanos, abogados y procuradores en el ámbito judicial.","escribanos, escribano, notariado, letrada, procuradores, 924, procurador, juzgados, secretarios, profesión",28,
63,"Organización de juzgados federales, tribunales de apelaciones y magistrados en la Corte Suprema de Justicia.","juzgados, juzgado, jueces, federales, apelaciones, correccional, tribunales, criminal, Justicia, magistrados",28,
64,Debate pedagógico y filosófico entre la enseñanza laica y la educación según los dogmas católicos.,"religiosa, Iglesia, religión, católica, enseñanza, católicos, católico, Dios, laica, catolicismo",22,
65,Solicitud para dar lectura o reservar notas y comunicaciones con el firme asentimiento del cuerpo.,"nota, lectura, notas, lea, asentimiento, Junco, entrada, triunfen, mesa, lean",1,
66,"Procedimientos para la remisión, publicación en el Boletín y conservación de expedientes judiciales en archivos.","archivo, expedientes, Archivo, archivos, protocolos, paralizados, documentos, Judicial, Tribunales, expediente",28,
67,Procedimientos procesales sobre la caducidad y perención de la instancia en litigios y demandas judiciales.,"perención, instancia, caducidad, prescripción, oficio, procesal, 550, petición, notificación, partes",28,
68,Análisis de normas y reformas del Código de Procedimientos para la resolución de litigios jurisdiccionales.,"procesal, Procedimientos, procesales, juez, perención, prueba, código, códigos, partes, jueces",28,
69,"Homenaje a Eva Perón, destacando su amor, sacrificio y legado sublime hacia los más humildes.","Eva, Perón, Evita, mujer, amor, corazón, tu, monumento, señora, humildes",3,
70,"Debate sobre la fijación de impuestos, tasas, gravámenes a los réditos y exenciones para contribuyentes.","impuesto, réditos, gravamen, impuestos, contribuyentes, impositiva, tasa, imponible, contribuyente, tasas",13,
71,"Debate sobre mociones para el aplazamiento, resolución o rechazo de diversos proyectos pendientes de tratamiento.","aplazamiento, boletín, declaración, resolución, proyectos, aplacen, moción, aplazar, Tortugas, presentados",1,
72,"Tratamiento de mociones de preferencia, consultas y pedidos de informes dentro de la hora reglamentaria.","consultas, mociones, media, pedidos, pronto, preferencia, destinada, hora, Tiene, pasar",1,
73,Designación de comisiones y continuación del debate de proyectos para dictar una declaración o resolución.,"Continúa, resolución, declaración, encargada, nombramiento, proyectos, designación, pasar, redactar, destinada",1,
74,"Conclusión del tiempo reglamentario, concesión de minutos de prórroga y pase a la próxima sesión.","vencido, próxima, destinada, declaración, proyectos, continuará, resolución, hora, Ha, continuar",1,
75,"Continuación del tratamiento, aplazamiento o pase a comisión de resoluciones y declaraciones de diversos proyectos.","declaración, proyectos, resolución, hora, destinada, pasar, Tiene, pendiente, Quedó, Corresponde",1,
76,"Medidas para proteger viñedos, bodegas y fomentar la industria vitivinícola en Cuyo y otras regiones.","vitivinícola, viñedos, vinos, vino, plantaciones, aceite, hectáreas, cultivo, uva, Vinos",11,
77,"Análisis de operaciones, balances e intervención del Instituto Argentino de Promoción del Intercambio (IAPI).","IAPI, Promoción, Intercambio, Argentino, Instituto, balance, radar, Economía, equipo, autárquica",14,
78,"Proyectos de Vialidad para la construcción, pavimentación y mejora de rutas y redes camineras nacionales.","ruta, caminos, Vialidad, vial, Rioja, tramo, kilómetros, camino, rutas, vialidad",18,
79,Planeamiento y ejecución de obras públicas para la reconstrucción de la ciudad de San Juan.,"reconstrucción, Juan, Reconstrucción, San, terremoto, sanjuaninos, planeamiento, sanjuanino, edificios, colecta",18,
80,Propuestas para que se acuerde una prórroga y se amplíe el tiempo reglamentario del orador.,"prorrogue, prórroga, acuerde, continuar, plazo, indicación, concede, acordado, prorroga, amplíe",1,
81,Concesión de minutos de prórroga luego de que el tiempo reglamentario del orador haya expirado.,"vencido, disponía, minutos, improrrogable, plazo, Ha, Tiene, dispone, reglamentario, interrupciones",1,
82,Debate sobre el uso abusivo de privilegios y argumentaciones considerabas reñidas con el decoro.,"reñido, lamentando, admito, considerarme, monotonía, Lealmente, juiciosamente, medidos, laya, ocuparía",3,
83,Invitación a diversos ministros del Poder Ejecutivo para concurrir al recinto y responder una interpelación.,"invite, concurrir, ministros, concurra, indicación, Exteriores, Interior, invitar, Relaciones, ministro",27,
84,Solicitud de rectificación de votos durante la votación nominal por la afirmativa o la negativa.,"votación, rectificación, nominal, nominalmente, rectifique, rectificar, apoyado, afirmativa, negativa, recaída",1,
85,"Regulación y estudios hidrográficos sobre la navegación marítima, fluvial, pesca, cabotaje y balizamiento de costas.","navegación, Marina, mar, pesca, cabotaje, marítima, faros, mareas, Delta, trabajos",11,
86,Tratamiento de mociones de prelación y solicitudes para que se levante la sesión.,"levante, formulada, levantar, moción, prelación, levantada, diputada, Corresponde, previa, votarse",1,
87,"Mociones para suspender, aplazar o levantar definitivamente la sesión y pasar a un cuarto intermedio.","levante, llame, levantada, mañana, levantar, Hago, indicación, moción, votada, formulo",1,
88,Definición de los días y horarios en los que la Cámara se reunirá para sesionar.,"viernes, jueves, 30, tolerancia, sesionar, miércoles, hora, media, horario, mañana",1,
89,Votación de mociones para pasar a un cuarto intermedio y suspender temporalmente la sesión.,"cuarto, intermedio, pase, momentáneamente, formulada, moción, suspendida, habitual, pasar, mañana",1,
90,Propuesta de pasar a cuarto intermedio para reanudar la sesión en la hora de costumbre.,"cuarto, reanudar, intermedio, pase, mañana, hora, habitual, pasemos, costumbre, pasar",1,
91,"Aprobación de un breve cuarto intermedio para descanso, permaneciendo los legisladores en sus bancas.","cuarto, permaneciendo, fatigado, intermedio, breve, invitaría, descanso, orador, bancas, descanse",1,
92,"Gestión presupuestaria, edilicia y de recursos a cargo de la Municipalidad y el Concejo Deliberante de la Ciudad de Buenos Aires.","municipal, Municipal, municipalidad, municipales, avenida, Flores, bañado, Municipales, intendente, ciudad",16,
93,Reclamo de las minorías parlamentarias para que sus opiniones sean escuchadas frente al bloque mayoritario.,"minoría, minorías, populi, ajustarnos, manda, adviertan, escuchar, hablen, oposición, constituimos",2,
94,"Regulación de salas, porcentaje de exhibición y fomento a la industria de películas cinematográficas argentinas.","películas, salas, película, cine, cinematográfica, exhibición, 344, cinematógrafo, cines, arte",21,
95,"Protección y reconocimiento de los derechos de autores, artistas, escritores e intelectuales por sus obras.","artistas, 723, intelectual, intelectuales, arte, artística, autores, escritores, artísticas, editoriales",21,
96,Acuerdos internacionales con la República del Uruguay sobre navegación y aprovechamiento hidroeléctrico de los ríos.,"Uruguay, Salto, ríos, navegación, Grande, río, Brasil, potencia, Paraná, aguas",11,
97,"Análisis de leyes de amnistía, indulto y perdón para infractores civiles y militares.","amnistía, infractores, desertores, enrolamiento, perdón, amnistías, olvido, delitos, conexos, amplia",20,
98,"Contratos, suministros y operaciones relacionados con las empresas de telecomunicaciones y la Compañía Unión Telefónica.","Telefónica, Electric, Standard, ITT, asesoramiento, contrato, telefónico, Teléfonos, telefónicos, teléfonos",14,
99,"Revisión del balance, acciones e inventario durante la liquidación de la Compañía de Navegación Dodero.","Dodero, acciones, Navegación, Compañía, Anónima, preferidas, activo, IMIM, flota, valores",14,
100,"Discusión sobre planificación económica, intervención estatal y la contraposición entre sistemas de liberalismo y capitalismo.","planificación, intervencionismo, economía, capitalista, liberalismo, económica, plan, económico, objetivos, liberal",2,
101,"Situación de la Corporación de Transportes, regulaciones tarifarias y prestación del servicio público de pasajeros.","Corporación, corporación, Transportes, ómnibus, transporte, pasajeros, 311, vehículos, tarifas, liquidación",14,
102,"Adquisición, nacionalización y reestructuración de tarifas de las distintas líneas de ferrocarriles en territorio argentino.","ferrocarriles, Ferrocarril, ferrocarril, ferroviario, ferroviarias, nacionalización, accidentes, transporte, locomotoras, Ferrocarriles",29,
103,"Aprobación de tratados y convenios de intercambio comercial, especialmente de estaño y petróleo, con Bolivia.","Bolivia, estaño, boliviano, boliviana, concentrados, empréstito, rotativo, convenio, movilización, bolivianos",19,
104,Promoción de investigaciones científicas y explotación de uranio para el desarrollo de la energía atómica.,"atómica, uranio, energía, Atómica, Energía, torio, nuclear, minerales, átomo, Richter",14,
105,Pedido de informes e interpelación a ministros para que brinden contestación sobre cuestiones parlamentarias pendientes.,"interpelación, Guerra, interpelante, informes, explicaciones, ministros, interpelaciones, ministro, concurre, Lucero",27,
106,Aceptación de renuncias y designación de legisladores para integrar comisiones y cubrir bancas vacantes.,"renuncia, integrar, designado, designar, faculte, autorice, invitación, integrarán, Encargada, Parlamentaria",1,
107,"Fomento de la aviación civil y militar, construcción de aeródromos y prevención de accidentes aéreos.","aviones, aviación, aviadores, aeronáutica, accidentes, vuelo, aeródromos, avión, aviador, Aeronáutica",29,
108,"Debate sobre el Código Aeronáutico, convenciones internacionales y la regulación jurídica de la navegación aérea.","aéreo, aeronave, aeronáutico, aeronaves, espacio, Aeronáutico, código, aérea, aeronáutica, aviación",29,
109,Políticas energéticas y de abastecimiento de combustibles mediante Yacimientos Petrolíferos Fiscales (YPF) y otras empresas.,"petróleo, YPF, Yacimientos, Petrolíferos, Fiscales, cúbicos, combustibles, gas, Mosconi, carbón",14,
110,"Impulso al desarrollo de la industria siderúrgica, producción de acero e instalación de altos hornos.","siderúrgico, Fabricaciones, Militares, siderúrgica, acero, siderurgia, Atanor, hierro, hornos, mineral",14,
111,"Regulación, control y políticas contra el monopolio de compañías aseguradoras, mercado de seguros y reaseguros.","compañías, seguros, reaseguro, seguro, Reaseguros, aseguradoras, extranjeras, Mixto, aseguradora, Superintendencia",14,
112,Participación del Estado y accionistas en sociedades de economía mixta y nacionalización de servicios públicos.,"mixtas, mixta, sociedades, aeronavegación, sociedad, EMTA, capitalistas, telefónica, nacionalización, estatuto",14,
113,Tratamiento sobre tablas de diversos asuntos y fijación del próximo miércoles para las votaciones respectivas.,"tablas, preferencia, miércoles, trate, moción, órdenes, 288, preferencias, 369, jueves",1,
114,"Investigación sobre la sucesión, impuestos y monopolio del consorcio Bemberg, incluyendo eventuales medidas de expropiación.","Bemberg, consorcio, 122, grupo, Otto, sucesión, fortuna, anónimas, herederos, ventanilla",14,
115,"Reglamentación del Código Penal sobre decomiso, portación y tenencia de armas, municiones y explosivos.","armas, tenencia, explosivos, marcas, numeración, Defensa, arma, civil, municiones, inspección",20,
116,"Correcciones gramaticales, de sintaxis e imprenta en columnas e incisos del Diario de Sesiones.","columna, página, deslizado, coma, imprenta, gramatical, párrafo, error, Diario, Sesiones",1,
117,Moción para suprimir la lectura de artículos ya impresos y distribuidos profusamente en las bancas.,"impreso, lectura, suprima, limitándose, bancas, texto, enunciar, indicación, impresa, artículos",1,
118,Mociones para suprimir la lectura y aprobar sin debate los artículos e incisos no observados.,"suprima, observen, aprobados, den, lectura, observados, Hago, observe, indicación, Asentimiento",1,
119,Mociones para que se vote y se proceda a aprobar inmediatamente una declaración o resolución.,"inmediatamente, Asquía, Miel, inmediato, fundado, Alonso, declaración, moción, labor, Rioja",1,
120,"Debate sobre afirmaciones, discursos e injurias, invocándose el testimonio de testigos y cuestiones de privilegio.","Araya, Rodríguez, Agustín, Trébol, ladrones, gestor, Lucini, testigos, acusador, solidariza",2,
121,Instrucciones para girar los asuntos entrados a sus respectivas comisiones y comunicar las resoluciones correspondientes.,"entrados, autorice, comunique, asuntos, comuniquen, comunicar, sanciones, girados, indicación, entrada",1,
122,"Medidas sobre incautación, confiscación y liquidación de propiedad enemiga y bienes alemanes durante la guerra.","enemiga, Vigilancia, Enemiga, alemanes, Propiedad, Alemania, 599, Final, bienes, incautación",14,
123,"Fomento de la investigación científica agropecuaria y creación de estaciones experimentales, institutos y laboratorios agrícolas.","experimentales, experimentación, investigación, investigaciones, laboratorios, estaciones, agropecuarias, Agricultura, Investigaciones, Centro",11,
124,"Debate sobre el federalismo, la autonomía comunal y las atribuciones de municipios y gobernadores provinciales.","federalismo, municipal, comunal, municipio, autonomía, federativo, unitario, legislatura, municipios, municipalidad",16,
125,"Políticas de protección, educación y asimilación de tribus aborígenes y poblaciones indígenas a la civilización.","indio, aborigen, aborígenes, indios, indígenas, indígena, Aborigen, cacique, tribus, tribu",15,
126,"Procesos de autonomía institucional y provincialización de territorios nacionales como Misiones, Chaco y La Pampa.","territorios, provincialización, Misiones, territorianos, territorio, Chaco, Pampa, Negro, Neuquén, Chubut",16,
127,Integración de comisiones legislativas y subcomisiones bicamerales conformadas por senadores y diputados para abordar proyectos.,"invitación, siete, bicameral, nueve, miembros, integrada, Senado, senadores, diecinueve, aborigen",1,
128,"Sugerencia para prescindir de lectura, observando capítulos particulares y dando por aprobados los artículos restantes.","observen, aprobados, darán, observados, lectura, dándose, artículos, Está, capítulos, texto",1,
129,"Homenajes y recordatorios a próceres y educadores ilustres de la Patria, como Domingo Faustino Sarmiento.","Sarmiento, Ameghino, Morris, Florentino, maestro, Faustino, sanjuanino, educador, Domingo, civilizador",3,
130,"Homenaje y recordatorio de la personalidad, vocación y virtudes de un ilustre ciudadano recientemente fallecido.","Fué, doctor, homenaje, memoria, Su, falleció, desempeñó, fallecido, ocupó, pie",3,
131,Tratamiento de proposiciones para que se apruebe o adopte un proyecto en revisión del Senado.,"adopte, apruebe, constituida, formulada, indicación, texto, adopta, adoptar, proposición, contenido",1,
132,"Disposiciones orgánicas del Ejército y las Fuerzas Armadas referidas a ascensos, suboficiales y conscripción militar.","ejército, militar, armadas, militares, retiro, suboficiales, fuerzas, ascenso, orgánica, marina",17,
133,"Normativa sobre ejecución de obras públicas, pliegos, contrataciones directas y adjudicación de suministros mediante licitación.","licitación, licitaciones, contrataciones, públicas, 775, obras, contratista, contratación, contratar, 815",18,
134,"Informes sobre maniobras navales, contactos de radar y rumores respecto a la flota de mar.","flota, Alende, radar, comandantes, golfo, Marina, transmisiones, ondas, Nuevo, escuadra",17,
135,Votación de modificaciones propuestas previamente para determinar si son aceptadas o rechazadas por la Cámara.,"ocupa, propuesta, modificación, propuestas, Previamente, desechada, substitución, Fe, Corrientes, proposición",1,
136,Lectura por Secretaría del texto propuesto e incorporación de modificaciones para su consideración y aprobación.,"Secretaría, propuesto, lectura, leerá, aprobarse, leer, dará, tado, llevará, leído",1,
137,Mociones para concretar respetuosamente homenajes en memoria de personalidades y evitar polémicas que los desvirtúen.,"homenaje, homenajes, rindiendo, tributa, propuesto, ruega, concrete, rendir, rinde, antirreglamentaria",3,
138,"Reglamentación de facultades, organización de secretarías y funciones del gabinete de ministros según preceptos constitucionales.","ministerios, ministros, ministerial, ministerio, Legislativo, gabinete, constitucional, facultades, secretarios, ministeriales",27,
139,"Aprobación de créditos, gastos e inversiones previstos en el cálculo de recursos y presupuesto financiero.","presupuesto, gastos, deuda, cuentas, inversión, partidas, millones, rentas, contabilidad, presupuestos",13,
140,Solicitud de aclaraciones imparciales y averiguaciones exhaustivas en concordancia con los dictámenes y reglamentaciones correspondientes.,"etiología, contemplará, reglamentación, ningun, informase, Sí, concordando, hesitaciones, collas, analizando",1,
141,"Discusión sobre la incorporación de agregados, modificaciones y propuestas para su posterior votación y aceptación.","agregado, propuesto, acepta, aceptado, agregados, reconsideración, Leloir, propone, resolverá, propuestos",1,
142,Mociones para que el asunto vuelva a la comisión de Asuntos Constitucionales para su estudio.,"vuelva, moción, formulada, pase, envíe, Ríos, Entre, Tiene, publicitaria, hallábamos",1,
143,Derivación y pase de mociones planteadas a la Comisión de Asuntos Constitucionales para su resolución.,"Constitucionales, Asuntos, pasan, planteada, pasa, pasen, pronunciadas, pase, planteado, pasarán",1,
144,"Votación y aprobación definitiva de los artículos, con asentimiento y sin observaciones, según su numeración.","aprobado, observación, dará, Habiendo, l9, aprobados, Sin, asentimiento, dan, observaciones",1,
145,"Aprobación del cálculo de recursos, presupuesto y gastos adicionales correspondientes al Distrito y diversas cuentas.","Distrito, 1950, cálculo, constituida, incurrido, inversión, constituya, 654, exceso, extensivas",13,
146,"Lectura, propuestas de modificación y aprobación de textos sustitutivos o agregados en el articulado debatido.","19, Tiene, agregado, aceptada, propuesta, propuesto, aceptado, Está, lectura, votación",1,
147,"Medidas aduaneras, regulación de precios y sanciones contra el agio y la especulación de comerciantes.","mercaderías, especulación, precios, 830, comerciantes, aduana, 591, agio, importación, Aduanas",14,
148,Proposiciones de redacción y modificaciones formales sugeridas por los legisladores para reemplazar incisos y cláusulas.,"59, 69, encabezamiento, reemplaza, aceptadas, patrocinio, propuestas, votará, leída, articulo",1,
149,"Pase de diversos expedientes y proyectos a las comisiones de Asuntos Constitucionales, Legislación y Culto.","Extranjeros, Culto, Legislación, Asunto, Orden, Presupuesto, Asuntos, continuación, dia, despachos",1,
150,"Donaciones, cesiones y permutas de terrenos y fracciones para apertura de calles y otras obras.","fracción, cesión, donación, permuta, terreno, cuadrados, metros, Legislación, fracciones, ensanche",18,
151,"Normativa sobre declaración de utilidad pública, tasaciones y pago de indemnización en procesos de expropiación.","expropiación, utilidad, propiedad, bienes, expropiado, indemnización, expropiaciones, 189, dominio, cesante",14,
152,Votación de modificaciones y agregados a artículos específicos propuestos tras su lectura por la Secretaría.,"despachos, comisiones, premura, Cooke, informados, vuelva, girados, Legislación, semana, desordenada",1,
153,"Consideración de propuestas de redacción, aceptando algunas y rechazando otras para la aprobación del articulado.","49, propuesta, aceptada, 79, propuestas, acostumbraba, aprobado, redacción, aceptadas, rechazado",1,
154,Mociones para que los proyectos pasen a comisiones especializadas y produzcan pronto despacho o dictamen.,"girado, Presupuesto, comisiones, Hacienda, Industrias, despachos, producir, Legislación, despachado, despachara",1,
155,"Interpretación del reglamento y dictámenes producidos por las comisiones de Peticiones, Poderes y Asuntos Constitucionales.","reglamento, Reglamento, Peticiones, Poderes, Ottonello, Cooke, comisiones, 185, reformas, reglamentaria",1,
156,Suscripción de acuerdos bilaterales y convenios comerciales de intercambio de mercaderías con el Reino Unido.,"intercambio, Reino, Unido, esterlinas, exportaciones, convenio, productos, libras, importaciones, Perú",19,
157,"Requisitos de mayorías de dos tercios, quórum y procedimiento constitucional aplicables a ambas Cámaras legislativas.","tercios, quorum, 71, revisora, presentes, terceras, constituyentes, interpretación, insistencia, iniciadora",1,
158,Procedimiento para que las comisiones emitan dictamen y se reiteren pedidos de informes a ministerios.,"informes, pedidos, reiteración, Migraciones, reitere, informe, comisiones, legislativos, reglamento, pase",27,
159,Moción para constituirse en comisión y referirse puntualmente al tema debatido evitando réplicas y diálogos.,"constituir, constituya, moción, referirse, Ríos, Entre, respetuosamente, formulada, 152, constituyese",1,
160,"Mercado de hacienda, costos de frigoríficos, tipificación de carnes y medidas para los productores ganaderos.","carnes, ganaderos, frigoríficos, ganadera, Carnes, carne, ganado, ganadería, ganadero, consumo",11,
161,Exportación de toneladas de carne vacuna congelada mediante convenios comerciales acordados con el Reino Unido.,"Unido, carne, Reino, carnes, toneladas, congelada, ingleses, vacuna, convenio, volumen",19,
162,Trámite y votación para aprobar o adoptar textos legales remitidos en revisión por el Senado.,"adopte, Propongo, adopta, constituida, introducidas, texto, revisión, aceptan, Hago, contenido",1,
163,"Análisis económico enfocado en inversiones de capitales, fomento del ahorro, inflación y reducción de costos.","inversiones, capitales, ahorro, índice, inflación, capitalización, Plan, costo, dólares, economía",13,
164,Mociones para constituir al cuerpo en comisión con el propósito de estudiar reformas a proyectos.,"constituya, moción, constituir, formulada, tratar, Hago, revisión, estudiar, veterinarios, contenido",1,
165,"Continuación del debate sobre despachos emitidos por las comisiones de Asuntos Constitucionales, Hacienda y Legislación.","Continúa, Decretos, Tiene, Leyes, Corresponde, Revisora, Presupuesto, Especial, revisión, comisiones",1,
166,"Aprobación en revisión de modificaciones legislativas, dándose por levantada la sesión tras un breve debate.","constituida, Queda, mantiene, reanudada, aprobado, abierta, producido, conferencia, unidad, Continúa",1,
167,"Estudio del fenómeno inflacionista provocado por la emisión monetaria, expansión del circulante y desequilibrio financiero.","inflación, circulación, monetaria, inflacionista, pago, medios, moneda, inflatorio, expansión, circulante",13,
168,Aclaraciones y resoluciones ante las cuestiones de privilegio planteadas en defensa de las prerrogativas parlamentarias.,"privilegio, plantear, plantea, concrete, planteando, deberé, decidirá, postulando, planteada, planteado",2,
169,"Fomento de la construcción de viviendas, control de alquileres y soluciones frente al déficit habitacional.","vivienda, viviendas, casas, construcción, Vivienda, edificación, barrio, Hipotecario, construcciones, construir",26,
170,"Protección a inquilinos y locatarios frente a desalojos, regulación de alquileres y suspensión de demoliciones.","desalojo, inquilino, desalojos, inquilinos, alquiler, propietario, juicios, causal, alquileres, locación",26,
171,"Reglamentación sobre la convocatoria, prórroga y funcionamiento de los períodos de sesiones ordinarias y extraordinarias.","sesiones, asuntos, extraordinarias, prorrogar, prórroga, ordinarias, convocatoria, período, ordinario, convocar",1,
172,Debate sobre el tratamiento apresurado de dictámenes y despachos provenientes de las distintas comisiones legislativas.,"despachos, comisiones, premura, Cooke, informados, vuelva, girados, Legislación, semana, desordenada",1,
173,"Análisis del sistema monetario, emisión de billetes y el respaldo internacional en oro y divisas.","oro, divisas, patrón, respaldo, moneda, monetaria, billetes, garantía, Central, monetario",13,
174,"Regulación financiera, operaciones crediticias y nacionalización de depósitos mediante el control del Banco Central.","Central, Banco, bancos, banco, depósitos, Crédito, Industrial, bancario, bancaria, nacionalización",13,
175,"Procedimiento reglamentario para fundamentar, aclarar y proceder a la votación de las distintas mociones presentadas.","votación, someter, resuelva, reglamento, indicación, insistencia, retirar, Sírvanse, somete, mayorita",1,
176,"Recomendación del presidente para que el orador se ciña al tema en debate, evitando apartarse.","invita, ruega, ajusta, Varios, obligada, ciñe, respetuosamente, concretarse, apartarse, concrete",1,
177,Legislación agraria regulando los contratos de arrendamientos rurales y la protección de colonos y aparceros.,"arrendatario, arrendatarios, predio, arrendamientos, arrendamiento, 246, propietario, contratos, aparcería, aparcero",11,
178,Sanciones del Código Penal referidas a los delitos de contrabando y crueldad hacia los animales.,"contrabando, delito, Penal, pena, crueldad, animales, condicional, penal, delitos, prisión",11,
179,"Sanciones por delitos contra la seguridad nacional como traición, espionaje, revelación de secretos y sabotaje.","espionaje, traición, sabotaje, delito, reprimido, delitos, Penal, socorro, espías, prisión",20,
180,Interpelación y preguntas dirigidas al ministro de Hacienda sobre cuestiones relacionadas con las finanzas públicas.,"ministro, pregunta, contesten, Hacienda, Perdóneme, Le, Finanzas, aclaratoria, ministros, explicaciones",13,
181,Fijación de precios y comercialización de cereales como trigo y maíz para productores y agricultores.,"trigo, maíz, cosecha, lino, cosechas, agricultores, quintal, comercialización, cereales, precios",11,
182,"Medidas para promover la agricultura, mejorar los jornales y revertir el fenómeno del éxodo rural.","campo, éxodo, rural, agricultura, ciudades, agricultores, agricultor, agro, campesino, agraria",11,
183,Reivindicaciones de la población rural y colonos campesinos frente a las políticas agrarias y terratenientes.,"campo, agro, agraria, colonos, rural, tierra, agricultores, chacareros, agricultor, Alcorta",11,
184,"Políticas de colonización, expropiación de latifundios y adjudicación de tierras y parcelas a productores agropecuarios.","colonización, tierras, agraria, tierra, Agrario, 636, rural, hectáreas, agrario, lotes",11,
185,"Investigación de denuncias sobre apremios ilegales, torturas y abusos policiales contra personas detenidas en comisarías.","torturas, policía, policial, Sección, detenidos, tortura, picana, policiales, Policía, denuncias",20,
186,"Debate constitucional referido a la declaración de estado de sitio, conmoción interior o ley marcial.","marcial, sitio, estado, interno, guerra, prevención, alarma, inconstitucional, 34, conmoción",20,
187,"Ruegos de la presidencia para evitar diálogos, interrupciones y manifestaciones por parte de los asistentes.","dialogar, Continúa, ruega, sirvan, Ruego, dirija, Sírvanse, diálogos, abstengan, abstenerse",1,
188,"Debate sobre autoridades, gobernadores e intendentes y la situación política de municipios en Santa Fe.","Fe, Santa, Rubino, Suárez, gobernador, intendente, Brugnerotto, Rosario, provincia, Busaniche",16,
189,"Análisis del sistema electoral de circunscripciones, representación proporcional de las minorías y legitimidad del sufragio.","circunscripciones, electoral, circunscripción, Sáenz, sufragio, Peña, sistema, minorías, lista, votos",16,
190,"Atribuciones del Congreso en la conducción de relaciones exteriores, tratados internacionales, pactos y concordatos diplomáticos.","exteriores, relaciones, Legislativo, tratativas, tratados, concordatos, internacional, internacionales, concluidos, negociaciones",19,
191,"Jerarquía y representación del cuerpo diplomático consular, embajadores, legaciones y plenipotenciarios de la política exterior.","embajada, embajadas, embajadores, diplomático, diplomática, coeficiente, diplomáticos, coeficientes, legación, clave",19,
192,Propuesta para el restablecimiento de relaciones diplomáticas y consulares con la Unión de Repúblicas Soviéticas.,"Rusia, diplomáticas, ruso, relaciones, canciller, legación, restablecimiento, Gallardo, cancillería, diplomático",19,
193,"Regulación constitucional sobre nombramiento, enjuiciamiento y juicio político a los magistrados de la Corte Suprema.","Corte, Suprema, Barraco, juez, Mármol, tribunal, juicio, jueces, desempeño, acusación",28,
194,"Irregularidades electorales, intervención federal y designación del gobernador y vicegobernador en la provincia de Corrientes.","Corrientes, electores, colegio, electoral, Vanasco, sección, vice, correntino, Goya, provincia",16,
195,"Discusión política, legal y constitucional sobre la aplicación de intervenciones federales a provincias como Catamarca.","intervención, Legislatura, Catamarca, intervenciones, federal, gobernador, Judicial, provincia, institucional, remedio",16,
196,Exhortación para que el legislador no se desvíe del tema y evite emplear ironías o chistes.,"chiste, desvíe, ejercitado, gama, meramente, discutirlos, discurrir, descarta, truncos, dislocada",2,
197,"Evocaciones y homenajes patrióticos a próceres de la independencia nacional, como San Martín y Belgrano.","Martín, Belgrano, héroe, Güemes, San, bandera, Libertador, Independencia, Andes, gloria",3,
198,"Homenaje a Bolívar, San Martín y otros próceres de la emancipación en países de Sudamérica.","Bolívar, Perú, Colombia, hermano, Gaitán, Ecuador, hermana, América, independencia, colombiano",3,
199,Reafirmación de los derechos de soberanía argentina sobre las Islas Malvinas y el territorio antártico.,"Malvinas, islas, Antártida, Inglaterra, soberanía, antártico, isla, Bretaña, 1833, inglés",19,
200,Pedido constante de la presidencia para evitar interrupciones al orador que tiene concedida la palabra.,"interrupciones, interrupción, ruego, concedo, conceder, gusto, interrumpido, concedido, Le, respete",1,
201,Concesión del uso de la palabra para la formulación de mociones de prelación y orden.,"moción, Tiene, formular, concedido, referirse, formulada, concederé, conceder, concederá, reglamentaria",1,
202,Llamados de atención del presidente para que el legislador se ajuste estrictamente al tema debatido.,"ruega, invita, concrete, respetuosamente, ajusta, advierte, observa, tema, concretarse, insiste",1,
203,"Planteos, aclaraciones y mociones de legisladores referidos al curso del debate y observaciones reglamentarias respetuosas.","Ríos, Entre, RÍOS, ruega, refiera, ajusta, ciña, Varios, reitera, insisten",1,
204,Discusión sobre la necesidad de corroborar la veracidad de las cifras y datos estadísticos expuestos.,"datos, dato, estadística, cifras, exactas, exactos, estadísticas, planilla, suministrado, múltiple",13,
205,Reiterados ruegos de la presidencia para que los asambleístas se abstengan de interrumpir al orador.,"orador, interrumpir, ruega, interrumpa, Continúa, interrumpan, interrupciones, Ruego, Sírvanse, Sírvase",1,
206,"Manifestación de confraternidad, amistad y celebración de los vínculos históricos entre la Argentina y Chile.","Chile, chileno, chilenos, Higgins, unión, chilena, Ibáñez, pueblos, cordillera, abrazo",19,
207,"Devolución de trofeos de guerra al Paraguay como gesto de confraternidad, alianza y unión americana.","trofeos, Paraguay, paraguayo, paraguayos, devolución, insignias, pueblos, panamericanismo, unión, América",19,
208,Ruegos de la presidencia solicitando evitar las interrupciones para que el orador pueda continuar hablando.,"Continúa, orador, ruega, interrumpir, interrupciones, Sírvanse, interrumpan, Rioja, dirija, Ruego",1,
209,"Debate ideológico sobre las concepciones filosóficas, ideas y principios fundamentales de la nueva doctrina peronista.","doctrina, Doctrina, filosofía, doctrinas, peronismo, liberalismo, peronista, Rousseau, metafísica, justicialismo",2,
210,Llamados al orden para evitar las continuas interrupciones mientras los diputados continúan con su exposición.,"Ríos, Entre, Continúa, interrumpa, orador, ruega, interrumpan, interrumpir, l, concederé",1,
211,"Acuerdos internacionales, política exterior y ratificación del Acta suscrita en la Conferencia Panamericana de Chapultepec.","Chapultepec, Japón, Actas, Naciones, Unidas, actas, internacional, Carta, naciones, América",19,
212,"Interpretación de cláusulas, suscripción y proceso de ratificación legislativa referidos a convenciones y tratados internacionales.","cláusula, tratados, convenio, tratado, ratificación, reserva, validez, interpretativa, reservas, convención",19,
213,La presidencia solicita evitar interrupciones al orador que continúa en el uso de su tiempo.,"orador, Continúa, interrumpa, interrumpir, interrumpan, Ruego, ruega, Sírvanse, Sírvase, interrumpido",1,
214,Legislador continúa con su exposición expresando conceptos y argumentaciones sobre la situación política de Corrientes.,"Continúa, Tiene, interrupción, Está, maestre, anotado, concedida, Corrientes, Fe, caudillo",16,
215,Debate parlamentario mediante solicitudes de aclaración para rectificar o comprobar inexactitudes y errores conceptuales advertidos.,"Le, conozco, inexactitudes, estoy, afirmación, jacto, plato, contestará, acepto, equivocado",2,
216,"Reclamos y objeciones por insultos, agravios y manifestaciones despectivas vertidas con ironía durante el debate.","ofendido, subordinación, ironía, academia, judío, ofensivo, ustedes, hablen, insulto, gusta",2,
217,Tratamiento de cuestiones de privilegio e injurias que involucran al legislador Sammartino y Asuntos Constitucionales.,"Sammartino, Andreotti, Español, Constitucionales, Alvarez, agraviado, hurto, Born, Wenceslao, privilegio",2,
218,Proyectos de ley que proponen erigir monumentos en espacios públicos para homenajear a figuras políticas.,"monumento, erección, Yrigoyen, emplazamiento, Alberdi, estatua, erigir, Hipólito, plaza, Bautista",3,
219,Homenajes y conmemoraciones que destacan los ideales cívicos de Leandro N. Alem e Hipólito Yrigoyen.,"Yrigoyen, Hipólito, Alem, neutralidad, Radical, figura, Cívica, Alvear, Leandro, septembrinos",3,
220,Denuncias sobre supuestas irregularidades vinculadas a permisos y autorizaciones de exportación de cereales al Uruguay.,"Pagliuca, permisos, exportación, Uruguay, Antille, exportador, Born, firma, Industria, Exportación",28,
221,"Debate sobre derechos de asociación, amparo legal y funcionamiento democrático de los diversos partidos políticos.","partidos, políticos, facción, abstención, pacificación, partido, electoral, interno, coalición, paz",2,
222,Posición política de la Unión Cívica Radical y críticas cruzadas frente a la fuerza oficialista.,"Radical, Cívica, partido, Unión, revolución, oposición, partidos, radicalismo, fraude, Partido",2,
223,Pedidos de desafuero de legisladores para suspender sus privilegios y someterlos a la acción judicial.,"desafuero, Balbin, Richter, fueros, privilegios, inmunidades, privilegio, desacato, parlamentarios, legislador",2,
224,Designación de una comisión investigadora para esclarecer rumores y denuncias sobre graves irregularidades y permisos.,"investigadora, investigación, Investigadora, permisos, denuncias, exportación, investigar, Pagliuca, Antille, Permisos",28,
